,instrumentalness,liveness,speechiness,danceability,valence,loudness,tempo,acousticness,energy,mode,key,artist_id,tweet_lang,track_id,lang,user_id
0,0.00479,0.18,0.0294,0.634,0.342,-8.345,125.044,0.00035,0.697,1.0,6.0,b2980c722a1ace7a30303718ce5491d8,en,cd52b3e5b51da29e5893dba82a418a4b,en,81496937.0
1,0.0177,0.0638,0.0624,0.769,0.752,-8.252,95.862,0.267,0.826,1.0,7.0,5cddcd0e314e2f2223ab21937d2c8778,en,da3110a77b724072b08f231c9d6f7534,en,2205686924.0
2,0.0,0.086,0.0436,0.675,0.775,-4.432,97.03,0.217,0.885,0.0,1.0,e41273f43af504714d85465294f1f369,en,ba84d88c10fb0e42d4754a27ead10546,es,132588395.0
3,0.0,0.143,0.0292,0.324,0.333,-5.647,74.101,0.239,0.574,1.0,7.0,557ce373bd29743eb00a3723ab19ebe8,en,33f95122281f76e7134f9cbea3be980f,en,97675221.0
4,0.000183,0.362,0.0524,0.767,0.808,-5.011,114.237,0.0364,0.739,0.0,10.0,77bd64b4bf77e10001fd02964985ae0f,en,b5c42e81e15cd54b9b0ee34711dedf05,en,17945688.0
