,sentiment,sentiment_score,user_id,track_id,instrumentalness,liveness,speechiness,danceability,valence,loudness,tempo,acousticness,energy,mode,key,tz_Alaska_Time,tz_Central_Time,tz_Eastern_Time,tz_Hawaii_Time,tz_Mountain_Time,tz_Pacific_Time
0,1,2.4000000000000004,252330820,8f2ac86abb8bd48273c8fc95b632e347,0.0,0.198,0.1689999999999999,0.461,0.502,-9.046,143.055,0.1,0.628,0,4.0,0,0,1,0,0,0
1,1,2.4000000000000004,29235188,45bbd6d7cd65dc77596af8c5c0b89a70,1.03e-05,0.0454,0.0451,0.677,0.8859999999999999,-13.237,77.837,0.0313,0.544,0,11.0,0,0,1,0,0,0
2,1,0.6,29235188,45bbd6d7cd65dc77596af8c5c0b89a70,1.03e-05,0.0454,0.0451,0.677,0.8859999999999999,-13.237,77.837,0.0313,0.544,0,11.0,0,0,1,0,0,0
3,1,1.0,29235188,45bbd6d7cd65dc77596af8c5c0b89a70,1.03e-05,0.0454,0.0451,0.677,0.8859999999999999,-13.237,77.837,0.0313,0.544,0,11.0,0,0,1,0,0,0
4,1,0.3,124052165,d53b2de022666067050dae8f6645edc2,0.0001419999999999,0.113,0.0709,0.355,0.118,-4.053999999999999,130.42700000000002,4.3e-06,0.98,0,7.0,1,0,0,0,0,0
